{"cameraMode":{"drawMode":0,"name":"Shaded","section":"Shading Mode"},"sceneLighting":true,"audioPlay":false,"sceneViewState":{"m_AlwaysRefresh":false,"showFog":true,"showSkybox":true,"showFlares":true,"showImageEffects":true,"showParticleSystems":true,"showVisualEffectGraphs":true,"m_FxEnabled":true},"in2DMode":false,"pivot":{"x":-7.868452548980713,"y":28.091310501098634,"z":-49.67253494262695},"rotation":{"x":-0.15774182975292207,"y":-0.16939353942871095,"z":0.027544282376766206,"w":-0.9725244641304016},"size":10.449999809265137,"orthographic":false}